{"_timestamp": 1601065997.1948469, "_step": 529, "_runtime": 178.03941774368286, "episodic_reward": 196.0, "loss": 1.1942214965820312, "time": 1.1219050884246826, "best_episode": 196.0}
