{"_runtime": 123.53907132148743, "_step": 477, "_timestamp": 1601064144.2148588, "episodic_reward": 25.0, "time": 0.9870123863220215, "loss": 1.2068685293197632, "best_episode": 198.0}
