{"_runtime": 7577.314171075821, "_timestamp": 1601038443.2532785, "episodic_reward": 8.0, "_step": 16925, "time": 33.77900004386902, "loss": 1536.4000244140625, "best_episode": 100.0}
