{"_runtime": 11130.21986246109, "_timestamp": 1601054054.498369, "_step": 22391, "episodic_reward": 7.0, "loss": 1370.37841796875, "time": 49.28460693359375, "best_episode": 64.0}
