{"l2-loss": 0.0011372773442417383, "_timestamp": 1600267163.5112686, "ntd-loss": 113.37712097167969, "_runtime": 75.40747451782227, "td-loss": 0.4517170488834381, "loss": 114.85518646240234, "_step": 10, "eval_mean": 0.0, "eval_min": 0.0, "eval_std": 0.0, "eval_max": 0.0}
