{"td-loss": 0.16432496905326843, "loss": 144.72372436523438, "l2-loss": 0.0011636208510026336, "_runtime": 83.20110869407654, "_timestamp": 1600267304.7624345, "ntd-loss": 143.77987670898438, "_step": 11, "margin-loss": 0.7783485651016235, "eval_mean": 80.0, "eval_std": 87.17797887081348, "eval_max": 300.0, "eval_min": 0.0, "video": {"_type": "video-file", "path": "media/videos/torch_dqfd_agent_GreenHillZone.Act1_4d8dd804.mp4", "sha256": "4d8dd8044a922402a2df76231fd9ea7ec154e1f49d0aeadfcc58515d57663a03", "size": 2956961}}
