{"_runtime": 7785.664463043213, "episodic_reward": 7.0, "_step": 18227, "_timestamp": 1601002832.1344454, "time": 31.0873019695282, "loss": 1947.487548828125, "best_episode": 95.0}
