{"episodic_reward": 21.0, "_timestamp": 1600970272.9197838, "_step": 3, "_runtime": 3.9081332683563232, "time": 0.18847203254699707, "loss": 1.244219422340393}
