{"_timestamp": 1600970398.410045, "_runtime": 3.759701728820801, "_step": 2, "episodic_reward": 17.0, "time": 0.02236199378967285, "loss": NaN}
