{"episodic_reward": 9.0, "_step": 13569, "_runtime": 4978.834959745407, "_timestamp": 1601030857.9153845, "time": 20.02535605430603, "loss": 1.1178162097930908, "best_episode": 96.0}
