{"episodic_reward": 43.0, "_runtime": 7895.095692396164, "_step": 11476, "_timestamp": 1601025869.7427313, "time": 32.3052761554718, "loss": 2043.041259765625, "best_episode": 181.0}
