{"_timestamp": 1601063685.4036703, "episodic_reward": 199.0, "_step": 315, "_runtime": 60.678489208221436, "time": 0.6815285682678223, "loss": 0.31881847977638245, "best_episode": 199.0}
