{"_timestamp": 1601065136.4301012, "time": 1.559676170349121, "loss": 0.07228529453277588, "_step": 433, "_runtime": 445.0139276981354, "episodic_reward": -20.0, "best_episode": 0}
