{"episodic_reward": 7.0, "_runtime": 3.9433960914611816, "_timestamp": 1600970388.3113544, "_step": 11, "time": 0.08359169960021973, "loss": NaN}
