{"episodic_reward": 8.0, "_step": 4, "_timestamp": 1600970522.5991986, "_runtime": 4.170948028564453, "loss": 13.168871879577637, "time": 0.4488658905029297}
