{"time": 0.004919290542602539, "_timestamp": 1601241914.617404, "loss": NaN, "_runtime": 16.90459966659546, "_step": 1, "best_episode": 0}
