{"_runtime": 4.008447885513306, "_step": 3, "episodic_reward": 16.0, "_timestamp": 1600970356.3160956, "time": 0.19834685325622559, "loss": 1.0591543912887573}
