{"_runtime": 4.241446256637573, "_timestamp": 1600970231.8721037, "_step": 6, "episodic_reward": 10.0, "time": 0.3037092685699463, "loss": 55.10626220703125}
