{"episodic_reward": 8.0, "_step": 2, "_runtime": 4.174195289611816, "_timestamp": 1600970180.2052257, "time": 0.429607629776001, "loss": 5.866199493408203}
