{"_runtime": 75.71241641044617, "_step": 10, "_timestamp": 1600267042.616363, "l2-loss": 0.0011645646300166845, "td-loss": 0.1274455338716507, "loss": 55.99174880981445, "ntd-loss": 54.79357147216797, "eval_max": 0.0, "eval_min": 0.0, "eval_mean": 0.0, "eval_std": 0.0}
