{"episodic_reward": 10.0, "_runtime": 3.8130881786346436, "_step": 4, "_timestamp": 1600970138.5177126, "time": 0.04005837440490723, "loss": NaN}
