{"episodic_reward": 0.0, "_timestamp": 1601064007.3192813, "_step": 2447, "_runtime": 76.28622722625732, "loss": 9.262463569641113, "time": 4.333653450012207}
