{"episodic_reward": 12.0, "_runtime": 18.524531602859497, "_step": 165, "_timestamp": 1600969396.8129544, "time": 5.409394025802612, "loss": 0.056427810341119766}
