{"episodic_reward": 12.0, "_runtime": 4.0584893226623535, "_step": 7, "_timestamp": 1600970470.904586, "time": 0.30138206481933594, "loss": 61.46194839477539}
