{"episodic_reward": 18.0, "_step": 4, "_runtime": 4.201385974884033, "_timestamp": 1600970330.760736, "loss": 50.031124114990234, "time": 0.4636685848236084}
