{"_step": 6, "_timestamp": 1600970169.67097, "_runtime": 3.936276912689209, "episodic_reward": 11.0, "time": 0.2005908489227295, "loss": 1.0050638914108276}
