{"_runtime": 121.90351295471191, "_timestamp": 1601063883.026479, "_step": 357, "episodic_reward": 30.0, "time": 0.9793839454650879, "loss": 1.2307184934616089, "best_episode": 197.0}
