{"_step": 278, "episodic_reward": 150.0, "_timestamp": 1601241995.987155, "_runtime": 62.252824544906616, "loss": 0.16829679906368256, "time": 0.6720519065856934, "best_episode": 199.0}
