{"_runtime": 4.043172597885132, "_timestamp": 1600970149.0774171, "episodic_reward": 25.0, "_step": 3, "time": 0.3043382167816162, "loss": 1.006666898727417}
