{"_step": 9, "episodic_reward": 11.0, "_timestamp": 1600970439.9690309, "_runtime": 4.084481477737427, "loss": 192.15150451660156, "time": 0.36740660667419434}
