{"_step": 2, "_runtime": 4.040849447250366, "_timestamp": 1600970221.1717424, "episodic_reward": 14.0, "time": 0.3049635887145996, "loss": 1.1581895351409912}
