{"episodic_reward": 50.0, "_runtime": 7588.873991012573, "_step": 10895, "_timestamp": 1601010427.7458143, "loss": 1552.0777587890625, "time": 32.80045485496521, "best_episode": 183.0}
