{"_runtime": 4.105976343154907, "episodic_reward": 15.0, "_timestamp": 1600970532.988491, "_step": 6, "time": 0.31200122833251953, "loss": 70.12867736816406}
