{"time": 0.99436354637146, "_step": 162, "_timestamp": 1601064442.6843903, "loss": 0.11915285140275955, "_runtime": 126.05857563018799, "episodic_reward": -20.0, "best_episode": 0}
