{"l2-loss": 0.02224888652563095, "margin-loss": -3.1781816482543945, "loss": 8.494093894958496, "_runtime": 153916.03417301178, "ntd-loss": 6.025898456573486, "_step": 7501, "td-loss": 5.624128341674805, "_timestamp": 1600421496.48252, "eval_std": 111.69153951844338, "eval_mean": 105.0, "eval_min": 0.0, "eval_max": 400.0, "video": {"_type": "video-file", "path": "media/videos/torch_dqfd_agent_GreenHillZone.Act1_25d8f764.mp4", "sha256": "25d8f764f068702d4e29b473316b63df6cf2c0814e97e66acec80aa89567de89", "size": 8760718}}
