{"_runtime": 4.207900524139404, "episodic_reward": 11.0, "_step": 5, "_timestamp": 1600970284.4799492, "time": 0.4448714256286621, "loss": 8.844439506530762}
