{"episodic_reward": 14.0, "_runtime": 4.045109987258911, "_timestamp": 1600970429.5923526, "_step": 6, "time": 0.32158970832824707, "loss": 79.50476837158203}
