{"_step": 3, "episodic_reward": 23.0, "_timestamp": 1600970309.9982183, "_runtime": 4.068429231643677, "time": 0.3201904296875, "loss": 0.8529534935951233}
