{"episodic_reward": 6.0, "_timestamp": 1600970501.876406, "_runtime": 4.061299800872803, "_step": 7, "loss": 123.03266906738281, "time": 0.3317534923553467}
