{"_timestamp": 1600970543.6975589, "_runtime": 4.46773099899292, "_step": 8, "episodic_reward": 15.0, "loss": 117.33477783203125, "time": 0.4989011287689209}
