{"_step": 4, "_timestamp": 1600970299.688849, "episodic_reward": 26.0, "_runtime": 4.053310871124268, "time": 0.27666163444519043, "loss": 24.217151641845703}
