{"_step": 1629, "_timestamp": 1601087184.8171952, "_runtime": 2657.8448662757874, "time": 3.387058734893799, "loss": 0.015338615514338017, "episodic_reward": 3.0}
