{"_runtime": 3.7676732540130615, "episodic_reward": 23.0, "_step": 5, "_timestamp": 1600970345.7100623, "loss": NaN, "time": 0.04075455665588379}
