{"_step": 8, "_timestamp": 1600970378.114034, "episodic_reward": 11.0, "_runtime": 4.082387208938599, "time": 0.35494518280029297, "loss": 131.401123046875}
