{"_timestamp": 1600970481.3345017, "_runtime": 4.177278518676758, "_step": 6, "episodic_reward": 13.0, "loss": 25.84750747680664, "time": 0.4613168239593506}
