{"_timestamp": 1600970408.7370133, "_step": 3, "_runtime": 3.790665864944458, "episodic_reward": 49.0, "loss": NaN, "time": 0.030144214630126953}
