{"_timestamp": 1600970262.5249527, "_runtime": 3.8011505603790283, "episodic_reward": 8.0, "_step": 6, "loss": NaN, "time": 0.059098243713378906}
