{"_step": 4, "_runtime": 3.753408908843994, "episodic_reward": 11.0, "_timestamp": 1600970319.9922931, "loss": NaN, "time": 0.03206968307495117}
