{"loss": 10.982466697692871, "ntd-loss": 3.7424402236938477, "_timestamp": 1600747306.627571, "_step": 2501, "td-loss": 3.4484097957611084, "l2-loss": 0.011282132007181644, "margin-loss": 3.780336856842041, "_runtime": 51032.50634407997, "eval_mean": 75.0, "eval_max": 200.0, "eval_min": 0.0, "eval_std": 69.82120021884471, "video": {"_type": "video-file", "path": "media/videos/torch_dqfd_agent_GreenHillZone.Act1_ab4af486.mp4", "sha256": "ab4af4862880837ee68bed5f77090c5b2a9ccdadc60e23959ecb639a6178c7e9", "size": 8292348}}
