{"episodic_reward": 40.0, "_step": 2, "_runtime": 3.732532024383545, "_timestamp": 1600970491.2381463, "loss": NaN, "time": 0.024068355560302734}
