{"_runtime": 369.1896929740906, "_timestamp": 1601065552.8383234, "episodic_reward": 104.0, "_step": 917, "time": 1.3862361907958984, "loss": 0.5088750720024109, "best_episode": 199.0}
