{"_timestamp": 1601065794.2493622, "_step": 471, "_runtime": 136.89133477210999, "episodic_reward": 199.0, "time": 0.9054205417633057, "loss": 0.9071040153503418, "best_episode": 199.0}
