{"_runtime": 11486.39192032814, "_timestamp": 1600995036.329441, "episodic_reward": 7.0, "_step": 21318, "loss": 1431.0196533203125, "time": 53.80853199958801, "best_episode": 94.0}
