{"_timestamp": 1601042914.5286632, "_step": 10742, "episodic_reward": 8.0, "_runtime": 4464.125376939774, "loss": 10263.974609375, "time": 17.783693552017212, "best_episode": 93.0}
