{"episodic_reward": 7.0, "_timestamp": 1600983542.7226288, "_step": 21278, "_runtime": 12367.215831041336, "loss": 1251.91650390625, "time": 47.80065989494324}
