{"episodic_reward": 7.0, "_timestamp": 1600981327.0402386, "_step": 19003, "_runtime": 10151.533440828323, "loss": 1404.4686279296875, "time": 50.20264410972595}
