{"_runtime": 739.6760678291321, "_step": 4976, "_timestamp": 1601063120.9321563, "episodic_reward": 7.0, "loss": 1409.210205078125, "time": 14.859930515289307}
