{"_runtime": 18.717045068740845, "_timestamp": 1600969158.8434067, "episodic_reward": 20.0, "_step": 189, "time": 5.345891952514648, "score": 20.0, "loss": 0.09041386097669601, "epoch": 2}
