{"_runtime": 4.024009466171265, "_timestamp": 1600970450.2197108, "_step": 4, "episodic_reward": 11.0, "time": 0.31069517135620117, "loss": 0.41046085953712463}
