{"_runtime": 4.148998975753784, "_step": 6, "_timestamp": 1600970205.8847818, "episodic_reward": 9.0, "loss": 24.19420051574707, "time": 0.44142794609069824}
