{"_runtime": 7529.876361370087, "_timestamp": 1601017966.4892783, "_step": 15725, "episodic_reward": 7.0, "loss": 1566.5587158203125, "time": 32.516069173812866, "best_episode": 138.0}
