{"_step": 7, "_runtime": 4.349748373031616, "episodic_reward": 20.0, "_timestamp": 1600970247.6914184, "loss": 57.43696975708008, "time": 0.32079434394836426}
