{"_timestamp": 1600970159.1066363, "episodic_reward": 9.0, "_runtime": 3.7724242210388184, "_step": 6, "loss": NaN, "time": 0.05102419853210449}
