{"loss": 0.2406812161207199, "_step": 162, "_runtime": 150.34299492835999, "_timestamp": 1601064643.351722, "time": 1.1463184356689453, "episodic_reward": -21.0, "best_episode": 0}
