{"_timestamp": 1600970195.3758523, "_step": 3, "episodic_reward": 12.0, "_runtime": 3.938678026199341, "time": 0.1896038055419922, "loss": 0.9072654247283936}
