{"_timestamp": 1601071854.1778636, "_runtime": 5476.831688642502, "_step": 2175, "loss": 0.039183903485536575, "time": 3.5039172172546387, "episodic_reward": -21.0, "best_episode": 0}
