{"_timestamp": 1601062374.4136746, "_runtime": 8307.8161714077, "episodic_reward": 8.0, "_step": 21666, "loss": 2213.870361328125, "time": 34.679537773132324, "best_episode": 52.0}
