{"_step": 2093, "_runtime": 4881.842830896378, "_timestamp": 1601084442.1887498, "time": 3.2732343673706055, "loss": 0.009872306138277054, "episodic_reward": -20.0}
