{"_timestamp": 1600970367.707371, "_step": 5, "episodic_reward": 10.0, "_runtime": 4.025532960891724, "time": 0.2885243892669678, "loss": 45.132633209228516}
