{"_step": 1649, "_timestamp": 1601079540.2549057, "loss": 0.029111476615071297, "time": 3.3928494453430176, "_runtime": 3751.6757447719574, "episodic_reward": -21.0}
