{"_timestamp": 1600970512.1558754, "_step": 6, "episodic_reward": 14.0, "_runtime": 4.050614595413208, "loss": 1.1669425964355469, "time": 0.3259541988372803}
