{"_step": 4, "_runtime": 4.011889219284058, "episodic_reward": 13.0, "_timestamp": 1600970460.5068276, "time": 0.31353139877319336, "loss": 0.6996309757232666}
