{"_timestamp": 1600970419.0635514, "episodic_reward": 11.0, "_step": 7, "_runtime": 3.804495334625244, "loss": NaN, "time": 0.06278848648071289}
